<keymap version="1" name="Windows copy" parent="$default">
  <action id="ActivateCommitToolWindow" />
  <action id="ActivateTerminalToolWindow">
    <keyboard-shortcut first-keystroke="alt 0" />
  </action>
  <action id="Back">
    <keyboard-shortcut first-keystroke="ctrl comma" />
  </action>
  <action id="CollapseBlock" />
  <action id="CollapseSelection" />
  <action id="EditorChooseLookupItemDot" />
  <action id="FileChooser.LightEditGotoOpenedFile">
    <keyboard-shortcut first-keystroke="alt f12" />
  </action>
  <action id="Forward">
    <keyboard-shortcut first-keystroke="ctrl period" />
  </action>
  <action id="GotoDeclaration">
    <keyboard-shortcut first-keystroke="ctrl b" />
  </action>
  <action id="JumpToLastChange">
    <keyboard-shortcut first-keystroke="shift ctrl comma" />
  </action>
  <action id="JumpToNextChange">
    <keyboard-shortcut first-keystroke="shift ctrl period" />
  </action>
  <action id="NextTab">
    <keyboard-shortcut first-keystroke="alt right" />
    <keyboard-shortcut first-keystroke="alt period" />
  </action>
  <action id="PreviousTab">
    <keyboard-shortcut first-keystroke="alt left" />
    <keyboard-shortcut first-keystroke="alt comma" />
  </action>
  <action id="SelectInProjectView">
    <keyboard-shortcut first-keystroke="alt f" />
  </action>
  <action id="VimPluginToggle">
    <keyboard-shortcut first-keystroke="ctrl alt w" />
  </action>
  <action id="org.intellij.plugins.markdown.ui.actions.styling.ToggleBoldAction" />
</keymap>