<keymap version="1" name="Default copy" parent="$default">
  <action id="ActivateTerminalToolWindow">
    <keyboard-shortcut first-keystroke="alt f12" />
    <keyboard-shortcut first-keystroke="alt 0" />
  </action>
  <action id="Annotate">
    <keyboard-shortcut first-keystroke="alt a" />
  </action>
  <action id="Back">
    <mouse-shortcut keystroke="button4" />
    <keyboard-shortcut first-keystroke="ctrl comma" />
  </action>
  <action id="CollapseBlock" />
  <action id="CollapseSelection" />
  <action id="EditorChooseLookupItemDot" />
  <action id="Forward">
    <mouse-shortcut keystroke="button5" />
    <keyboard-shortcut first-keystroke="ctrl period" />
  </action>
  <action id="JumpToLastChange">
    <keyboard-shortcut first-keystroke="shift ctrl comma" />
  </action>
  <action id="JumpToNextChange">
    <keyboard-shortcut first-keystroke="shift ctrl period" />
  </action>
  <action id="PublishGroup.Download">
    <keyboard-shortcut first-keystroke="ctrl alt 0" />
  </action>
  <action id="PublishGroup.Upload">
    <keyboard-shortcut first-keystroke="ctrl alt 1" />
  </action>
  <action id="VimPluginToggle">
    <keyboard-shortcut first-keystroke="ctrl alt w" />
  </action>
  <action id="com.jetbrains.plugins.remotesdk.console.RunSshConsoleAction">
    <keyboard-shortcut first-keystroke="ctrl alt q" />
  </action>
</keymap>