<keymap version="1" name="Default copy" parent="$default">
  <action id="ActivateDatabaseToolWindow">
    <keyboard-shortcut first-keystroke="alt equals" />
  </action>
  <action id="ActivateTerminalToolWindow">
    <keyboard-shortcut first-keystroke="alt 0" />
  </action>
  <action id="Annotate">
    <keyboard-shortcut first-keystroke="alt a" />
  </action>
  <action id="Back">
    <keyboard-shortcut first-keystroke="ctrl comma" />
    <keyboard-shortcut first-keystroke="shift ctrl b" />
  </action>
  <action id="CollapseBlock" />
  <action id="CollapseSelection" />
  <action id="Compare.SameVersion">
    <keyboard-shortcut first-keystroke="alt b" />
  </action>
  <action id="EditorChooseLookupItemDot" />
  <action id="Forward">
    <keyboard-shortcut first-keystroke="ctrl period" />
  </action>
  <action id="GotoTypeDeclaration">
    <mouse-shortcut keystroke="shift control button1" />
  </action>
  <action id="JumpToLastChange">
    <keyboard-shortcut first-keystroke="shift ctrl comma" />
  </action>
  <action id="JumpToNextChange">
    <keyboard-shortcut first-keystroke="shift ctrl period" />
  </action>
  <action id="NextTab">
    <keyboard-shortcut first-keystroke="alt right" />
    <keyboard-shortcut first-keystroke="alt period" />
  </action>
  <action id="PreviousTab">
    <keyboard-shortcut first-keystroke="alt left" />
    <keyboard-shortcut first-keystroke="alt comma" />
  </action>
  <action id="ProjectViewChangeView" />
  <action id="PublishGroup.Download">
    <keyboard-shortcut first-keystroke="ctrl alt 0" />
  </action>
  <action id="PublishGroup.Upload">
    <keyboard-shortcut first-keystroke="ctrl alt 1" />
  </action>
  <action id="SelectInProjectView">
    <keyboard-shortcut first-keystroke="alt f" />
  </action>
  <action id="Terminal.MoveToolWindowTabLeft">
    <keyboard-shortcut first-keystroke="shift ctrl alt space" />
  </action>
  <action id="Terminal.MoveToolWindowTabRight" />
  <action id="Terminal.SwitchFocusToEditor">
    <keyboard-shortcut first-keystroke="alt e" />
  </action>
  <action id="VimPluginToggle">
    <keyboard-shortcut first-keystroke="ctrl alt w" />
  </action>
  <action id="WebDeployment.BrowseServers">
    <keyboard-shortcut first-keystroke="alt minus" />
  </action>
  <action id="com.jetbrains.plugins.remotesdk.console.RunSshConsoleAction">
    <keyboard-shortcut first-keystroke="ctrl alt q" />
  </action>
</keymap>