<keymap version="1" name="Windows copy" parent="$default">
  <action id="ActivateCommitToolWindow" />
  <action id="ActivateTerminalToolWindow">
    <keyboard-shortcut first-keystroke="alt 0" />
  </action>
  <action id="Back">
    <mouse-shortcut keystroke="button4" />
    <keyboard-shortcut first-keystroke="ctrl comma" />
  </action>
  <action id="CollapseBlock" />
  <action id="CollapseSelection" />
  <action id="EditorChooseLookupItemDot" />
  <action id="Forward">
    <mouse-shortcut keystroke="button5" />
    <keyboard-shortcut first-keystroke="ctrl period" />
  </action>
  <action id="JumpToLastChange">
    <keyboard-shortcut first-keystroke="shift ctrl comma" />
  </action>
  <action id="JumpToNextChange">
    <keyboard-shortcut first-keystroke="shift ctrl period" />
  </action>
  <action id="NextTab">
    <keyboard-shortcut first-keystroke="alt period" />
  </action>
  <action id="PreviousTab">
    <keyboard-shortcut first-keystroke="alt comma" />
  </action>
  <action id="Scala.ShowImplicits">
    <keyboard-shortcut first-keystroke="shift ctrl alt equals" />
    <keyboard-shortcut first-keystroke="shift ctrl alt add" />
  </action>
  <action id="SelectInProjectView">
    <keyboard-shortcut first-keystroke="alt f" />
  </action>
  <action id="ToggleRenderedDocPresentation" />
  <action id="com.jetbrains.plugins.remotesdk.console.RunSshConsoleAction">
    <keyboard-shortcut first-keystroke="ctrl alt q" />
  </action>
</keymap>